{
    "camera_matrix": [
        [
            3345.6459824748736,
            0.0,
            2034.2078778687614
        ],
        [
            0.0,
            3328.986646743586,
            1579.433591148081
        ],
        [
            0.0,
            0.0,
            1.0
        ]
    ],
    "distortion_coefficients": [
        [
            0.09017427206882875,
            -0.22821107483369177,
            0.0030505844738632545,
            0.0006361085712276631,
            0.05252900618464366
        ]
    ]
}